State,Income_2011,Income_2024,Log_Initial_Income,CAGR_Percent,Log_Growth_Per_Year
Telangana,91121.0,387623.0,11.419943572599914,11.78,0.11137268647412285
Karnataka,90263.0,380906.0,11.41048291014307,11.71,0.11075576879734492
Tripura,47155.0,192842.0,10.761195326977985,11.44,0.10834085790615812
Madhya Pradesh,38497.0,152615.0,10.558335595161871,11.18,0.10594908415685235
Tamil Nadu,93112.0,361619.0,11.441558348621813,11.0,0.10436831551890244
Assam,41142.0,159185.0,10.624784776512419,10.97,0.10407981156426051
Andhra Pradesh,69000.0,266240.0,11.141861783579396,10.95,0.103868588695045
Odisha,48387.0,168966.0,10.786986461585292,10.1,0.09618971758829736
Arunachal Pradesh,73540.0,246813.0,11.205584754855263,9.76,0.09313857607700107
Haryana,106085.0,353182.0,11.571995938547216,9.69,0.09251868040297537
Uttar Pradesh,32648.0,108572.0,10.393538877085641,9.68,0.09243307302043104
Rajasthan,57192.0,185053.0,10.954169307446687,9.45,0.09032524939006496
Bihar,21750.0,69321.0,9.98736903651683,9.33,0.08916416408152208
West Bengal,51543.0,163467.0,10.850171689730077,9.28,0.08878420956581429
Kerala,97912.0,308338.0,11.491824395062174,9.23,0.08824057444499066
Maharashtra,99597.0,309340.0,11.50888732263713,9.11,0.08717761168884613
Jammu and Kashmir,51775.0,154826.0,10.854662686263785,8.79,0.08426111526360267
Chhattisgarh,55177.0,162870.0,10.918301478768845,8.68,0.08326201052298164
Himachal Pradesh,87721.0,256137.0,11.381916602375647,8.59,0.08242701032238578
Jharkhand,41254.0,116663.0,10.62750335675854,8.32,0.07996471992104855
Uttarakhand,100314.0,274064.0,11.5160605454657,8.04,0.077312029944005
Delhi,185001.0,493024.0,12.128116509451258,7.83,0.07539974030232645
Meghalaya,59794.0,157141.0,10.998660600456725,7.72,0.07432601307730052
Punjab,85577.0,221197.0,11.357171834436997,7.58,0.07304901167033616
Puducherry,119649.0,281478.0,11.692317735591606,6.8,0.06580706424331403
