Year_Start,Financial_Year,N_States,Mean_INR,Median_INR,Std_Dev_INR,Coefficient_of_Variation_CV,P90_INR,P10_INR,P90_P10_Ratio,Max_Min_Ratio
2011,2011-12,33,83311.85,73540.0,49338.13,0.5922,150863.4,40038.0,3.77,11.93
2012,2012-13,33,91549.12,82626.0,49510.19,0.5408,165456.0,44633.8,3.71,9.57
2013,2013-14,33,101279.82,94135.0,51651.51,0.51,185328.6,49788.4,3.72,8.46
2014,2014-15,33,111886.24,108970.0,60028.22,0.5365,199551.6,53451.6,3.73,10.09
2015,2015-16,33,123723.06,116985.0,68527.54,0.5539,218552.6,56521.0,3.87,11.0
2016,2016-17,33,137628.12,127107.0,76810.47,0.5581,239260.0,61280.4,3.9,11.13
2017,2017-18,33,153583.36,139835.0,86161.58,0.561,266097.0,72235.8,3.68,11.17
2018,2018-19,33,166829.48,155103.0,90595.25,0.543,290854.0,76543.6,3.8,10.41
2019,2019-20,33,178224.03,182171.0,95855.01,0.5378,311068.4,80883.8,3.85,9.87
2020,2020-21,33,171316.88,173521.0,91448.36,0.5338,277480.4,78016.6,3.56,10.04
2021,2021-22,33,196856.67,190965.0,101683.91,0.5165,323724.8,99735.0,3.25,9.86
2022,2022-23,34,219966.41,209067.0,116043.76,0.5276,379572.2,111465.0,3.41,9.75
2023,2023-24,33,242644.45,234721.0,129753.05,0.5347,432308.4,123893.0,3.49,9.45
2024,2024-25,25,237259.28,221197.0,103840.59,0.4377,373191.2,131043.8,2.85,7.11
