Year_Start,Financial_Year,Number_of_States,Mean_NSDP_INR,Std_Dev_NSDP_INR,Coefficient_of_Variation_CV,Std_Dev_Log_Income
2011,2011-12,33,83311.85,49338.13,0.5922,0.5337
2012,2012-13,33,91549.12,49510.19,0.5408,0.5206
2013,2013-14,33,101279.82,51651.51,0.51,0.5098
2014,2014-15,33,111886.24,60028.22,0.5365,0.5256
2015,2015-16,33,123723.06,68527.54,0.5539,0.5412
2016,2016-17,33,137628.12,76810.47,0.5581,0.541
2017,2017-18,33,153583.36,86161.58,0.561,0.5448
2018,2018-19,33,166829.48,90595.25,0.543,0.5367
2019,2019-20,33,178224.03,95855.01,0.5378,0.5361
2020,2020-21,33,171316.88,91448.36,0.5338,0.5326
2021,2021-22,33,196856.67,101683.91,0.5165,0.5176
2022,2022-23,34,219966.41,116043.76,0.5276,0.5181
2023,2023-24,33,242644.45,129753.05,0.5347,0.5154
2024,2024-25,25,237259.28,103840.59,0.4377,0.4632
