Year_Start,Financial_Year,num_states,mean_income,median_income,std_dev,min_income,max_income,iqr_income,max_min_ratio
2011,2011-12,33,83311.84848484848,73540.0,49338.12534194601,21750.0,259444.0,46369.0,11.928459770114943
2012,2012-13,33,91549.12121212122,82626.0,49510.19102528133,24487.0,234354.0,53035.0,9.570547637521951
2013,2013-14,33,101279.81818181818,94135.0,51651.50629970446,26948.0,227900.0,61481.0,8.457028350898026
2014,2014-15,33,111886.24242424243,108970.0,60028.21647724837,28671.0,289185.0,66351.0,10.08632416030135
2015,2015-16,33,123723.06060606061,116985.0,68527.54259462915,30404.0,334576.0,74945.0,11.004341534008683
2016,2016-17,33,137628.12121212122,127107.0,76810.4706724438,34045.0,378953.0,84766.0,11.130944338375679
2017,2017-18,33,153583.36363636365,139835.0,86161.58003383027,36850.0,411740.0,93147.0,11.173405698778833
2018,2018-19,33,166829.48484848486,155103.0,90595.2479848975,40715.0,423716.0,105516.0,10.406877072332064
2019,2019-20,33,178224.0303030303,182171.0,95855.00558672094,44175.0,435949.0,113304.0,9.868681380871534
2020,2020-21,33,171316.87878787878,173521.0,91448.35572426849,42128.0,423047.0,105651.0,10.041943600455754
2021,2021-22,33,196856.66666666666,190965.0,101683.90987014202,47296.0,466518.0,118701.0,9.86379397834912
2022,2022-23,34,219966.41176470587,209067.0,116043.76001557596,54637.0,532854.0,135626.25,9.752621849662317
2023,2023-24,33,242644.45454545456,234721.0,129753.046998445,62201.0,587743.0,132347.0,9.449092458320607
2024,2024-25,25,237259.28,221197.0,103840.59499681872,69321.0,493024.0,149153.0,7.112188225790165
