State,Income_Start,Region_Zone,Income_End,Percentage_Growth,CAGR_Percent
Puducherry,119649.0,Southern,252164.0,110.75311954132505,6.409687468009051
Goa,259444.0,Western,585953.0,125.84950894990827,7.024924274167388
Meghalaya,59794.0,North-Eastern,141195.0,136.1357326822089,7.422884358123061
Punjab,85577.0,Northern,205374.0,139.98737978662493,7.567819957187272
Uttarakhand,100314.0,Central,246178.0,145.40742069900512,7.76820292850855
Delhi,185001.0,Northern,459408.0,148.32730633888465,7.87447782033901
Jharkhand,41254.0,Eastern,106529.0,158.2270810103263,8.226467204510634
Himachal Pradesh,87721.0,Northern,234721.0,167.57674901106918,8.547718007667049
Chhattisgarh,55177.0,Central,148922.0,169.89868967142107,8.625902568762434
Jammu and Kashmir,51775.0,Northern,140051.0,170.49927571221633,8.646025167995885
Maharashtra,99597.0,Western,278681.0,179.80862877395904,8.952807405431763
Chandigarh,158967.0,Northern,453457.0,185.25228506545383,9.127890717782527
Bihar,21750.0,Eastern,62201.0,185.98160919540229,9.151114746977207
Kerala,97912.0,Southern,281269.0,187.26713783805866,9.191918250916897
West Bengal,51543.0,Eastern,149515.0,190.07818714471412,9.28056273412019
Rajasthan,57192.0,Northern,166647.0,191.38166177087706,9.321399974236378
Nagaland,53010.0,North-Eastern,154828.0,192.07319373703075,9.342997402259856
Arunachal Pradesh,73540.0,North-Eastern,217325.0,195.5194451998912,9.449934305599928
Uttar Pradesh,32648.0,Central,97364.0,198.22347463856897,9.533042732681118
Haryana,106085.0,Northern,319363.0,201.0444454918226,9.619012362440781
Manipur,39762.0,North-Eastern,119938.0,201.63975655148133,9.637060178996904
Andaman and Nicobar Islands,89100.0,Southern,276000.0,209.7643097643098,9.880159585914372
Odisha,48387.0,Eastern,150414.0,210.8562217124434,9.912384638487758
Tamil Nadu,93112.0,Southern,313329.0,236.5076467050434,10.64103882829257
Andhra Pradesh,69000.0,Southern,237951.0,244.85652173913044,10.867231721258786
Assam,41142.0,North-Eastern,143852.0,249.64756210198823,10.994776757521251
Madhya Pradesh,38497.0,Central,139713.0,262.9191885081954,11.33990017534896
Tripura,47155.0,North-Eastern,172299.0,265.3886120241756,11.40283696365083
Sikkim,158667.0,North-Eastern,587743.0,270.42548229940695,11.530009172431676
Karnataka,90263.0,Southern,339813.0,276.4698713758683,11.680543499786955
Telangana,91121.0,Southern,347714.0,281.5958999571998,11.806480044855094
Mizoram,57654.0,North-Eastern,234996.0,307.5970444375065,12.422330913926816
