State,State_Code,Region_Zone,Category,Financial_Year,Year_Start,Per_Capita_Income,Per_Capita_NSDP_INR
Andaman and Nicobar Islands,IN-AN,Southern,Union Territory,2011-12,2011,89100.0,89100.0
Andaman and Nicobar Islands,IN-AN,Southern,Union Territory,2012-13,2012,98777.0,98777.0
Andaman and Nicobar Islands,IN-AN,Southern,Union Territory,2013-14,2013,111087.0,111087.0
Andaman and Nicobar Islands,IN-AN,Southern,Union Territory,2014-15,2014,126344.0,126344.0
Andaman and Nicobar Islands,IN-AN,Southern,Union Territory,2015-16,2015,137064.0,137064.0
Andaman and Nicobar Islands,IN-AN,Southern,Union Territory,2016-17,2016,153904.0,153904.0
Andaman and Nicobar Islands,IN-AN,Southern,Union Territory,2017-18,2017,178709.0,178709.0
Andaman and Nicobar Islands,IN-AN,Southern,Union Territory,2018-19,2018,204254.0,204254.0
Andaman and Nicobar Islands,IN-AN,Southern,Union Territory,2019-20,2019,219653.0,219653.0
Andaman and Nicobar Islands,IN-AN,Southern,Union Territory,2020-21,2020,205368.0,205368.0
Andaman and Nicobar Islands,IN-AN,Southern,Union Territory,2021-22,2021,229570.0,229570.0
Andaman and Nicobar Islands,IN-AN,Southern,Union Territory,2022-23,2022,263984.0,263984.0
Andaman and Nicobar Islands,IN-AN,Southern,Union Territory,2023-24,2023,276000.0,276000.0
Andaman and Nicobar Islands,IN-AN,Southern,Union Territory,2024-25,2024,,
Andhra Pradesh,IN-AP,Southern,State,2011-12,2011,69000.0,69000.0
Andhra Pradesh,IN-AP,Southern,State,2012-13,2012,74687.0,74687.0
Andhra Pradesh,IN-AP,Southern,State,2013-14,2013,82870.0,82870.0
Andhra Pradesh,IN-AP,Southern,State,2014-15,2014,93903.0,93903.0
Andhra Pradesh,IN-AP,Southern,State,2015-16,2015,108002.0,108002.0
Andhra Pradesh,IN-AP,Southern,State,2016-17,2016,120676.0,120676.0
Andhra Pradesh,IN-AP,Southern,State,2017-18,2017,138299.0,138299.0
Andhra Pradesh,IN-AP,Southern,State,2018-19,2018,154031.0,154031.0
Andhra Pradesh,IN-AP,Southern,State,2019-20,2019,160341.0,160341.0
Andhra Pradesh,IN-AP,Southern,State,2020-21,2020,168063.0,168063.0
Andhra Pradesh,IN-AP,Southern,State,2021-22,2021,193703.0,193703.0
Andhra Pradesh,IN-AP,Southern,State,2022-23,2022,219917.0,219917.0
Andhra Pradesh,IN-AP,Southern,State,2023-24,2023,237951.0,237951.0
Andhra Pradesh,IN-AP,Southern,State,2024-25,2024,266240.0,266240.0
Arunachal Pradesh,IN-AR,North-Eastern,State,2011-12,2011,73540.0,73540.0
Arunachal Pradesh,IN-AR,North-Eastern,State,2012-13,2012,82626.0,82626.0
Arunachal Pradesh,IN-AR,North-Eastern,State,2013-14,2013,94135.0,94135.0
Arunachal Pradesh,IN-AR,North-Eastern,State,2014-15,2014,114789.0,114789.0
Arunachal Pradesh,IN-AR,North-Eastern,State,2015-16,2015,116985.0,116985.0
Arunachal Pradesh,IN-AR,North-Eastern,State,2016-17,2016,124129.0,124129.0
Arunachal Pradesh,IN-AR,North-Eastern,State,2017-18,2017,138836.0,138836.0
Arunachal Pradesh,IN-AR,North-Eastern,State,2018-19,2018,155103.0,155103.0
Arunachal Pradesh,IN-AR,North-Eastern,State,2019-20,2019,182171.0,182171.0
Arunachal Pradesh,IN-AR,North-Eastern,State,2020-21,2020,181537.0,181537.0
Arunachal Pradesh,IN-AR,North-Eastern,State,2021-22,2021,190851.0,190851.0
Arunachal Pradesh,IN-AR,North-Eastern,State,2022-23,2022,204469.0,204469.0
Arunachal Pradesh,IN-AR,North-Eastern,State,2023-24,2023,217325.0,217325.0
Arunachal Pradesh,IN-AR,North-Eastern,State,2024-25,2024,246813.0,246813.0
Assam,IN-AS,North-Eastern,State,2011-12,2011,41142.0,41142.0
Assam,IN-AS,North-Eastern,State,2012-13,2012,44599.0,44599.0
Assam,IN-AS,North-Eastern,State,2013-14,2013,49734.0,49734.0
Assam,IN-AS,North-Eastern,State,2014-15,2014,52895.0,52895.0
Assam,IN-AS,North-Eastern,State,2015-16,2015,60817.0,60817.0
Assam,IN-AS,North-Eastern,State,2016-17,2016,66330.0,66330.0
Assam,IN-AS,North-Eastern,State,2017-18,2017,75151.0,75151.0
Assam,IN-AS,North-Eastern,State,2018-19,2018,81034.0,81034.0
Assam,IN-AS,North-Eastern,State,2019-20,2019,90123.0,90123.0
Assam,IN-AS,North-Eastern,State,2020-21,2020,86947.0,86947.0
Assam,IN-AS,North-Eastern,State,2021-22,2021,103371.0,103371.0
Assam,IN-AS,North-Eastern,State,2022-23,2022,121573.0,121573.0
Assam,IN-AS,North-Eastern,State,2023-24,2023,143852.0,143852.0
Assam,IN-AS,North-Eastern,State,2024-25,2024,159185.0,159185.0
Bihar,IN-BR,Eastern,State,2011-12,2011,21750.0,21750.0
Bihar,IN-BR,Eastern,State,2012-13,2012,24487.0,24487.0
Bihar,IN-BR,Eastern,State,2013-14,2013,26948.0,26948.0
Bihar,IN-BR,Eastern,State,2014-15,2014,28671.0,28671.0
Bihar,IN-BR,Eastern,State,2015-16,2015,30404.0,30404.0
Bihar,IN-BR,Eastern,State,2016-17,2016,34045.0,34045.0
Bihar,IN-BR,Eastern,State,2017-18,2017,36850.0,36850.0
Bihar,IN-BR,Eastern,State,2018-19,2018,40715.0,40715.0
Bihar,IN-BR,Eastern,State,2019-20,2019,44175.0,44175.0
Bihar,IN-BR,Eastern,State,2020-21,2020,42128.0,42128.0
Bihar,IN-BR,Eastern,State,2021-22,2021,47296.0,47296.0
Bihar,IN-BR,Eastern,State,2022-23,2022,54637.0,54637.0
Bihar,IN-BR,Eastern,State,2023-24,2023,62201.0,62201.0
Bihar,IN-BR,Eastern,State,2024-25,2024,69321.0,69321.0
Chandigarh,IN-CH,Northern,Union Territory,2011-12,2011,158967.0,158967.0
Chandigarh,IN-CH,Northern,Union Territory,2012-13,2012,180457.0,180457.0
Chandigarh,IN-CH,Northern,Union Territory,2013-14,2013,203356.0,203356.0
Chandigarh,IN-CH,Northern,Union Territory,2014-15,2014,212594.0,212594.0
Chandigarh,IN-CH,Northern,Union Territory,2015-16,2015,230009.0,230009.0
Chandigarh,IN-CH,Northern,Union Territory,2016-17,2016,252236.0,252236.0
Chandigarh,IN-CH,Northern,Union Territory,2017-18,2017,280512.0,280512.0
Chandigarh,IN-CH,Northern,Union Territory,2018-19,2018,307812.0,307812.0
Chandigarh,IN-CH,Northern,Union Territory,2019-20,2019,330703.0,330703.0
Chandigarh,IN-CH,Northern,Union Territory,2020-21,2020,290417.0,290417.0
Chandigarh,IN-CH,Northern,Union Territory,2021-22,2021,337406.0,337406.0
Chandigarh,IN-CH,Northern,Union Territory,2022-23,2022,408512.0,408512.0
Chandigarh,IN-CH,Northern,Union Territory,2023-24,2023,453457.0,453457.0
Chandigarh,IN-CH,Northern,Union Territory,2024-25,2024,,
Chhattisgarh,IN-CG,Central,State,2011-12,2011,55177.0,55177.0
Chhattisgarh,IN-CG,Central,State,2012-13,2012,60849.0,60849.0
Chhattisgarh,IN-CG,Central,State,2013-14,2013,69880.0,69880.0
Chhattisgarh,IN-CG,Central,State,2014-15,2014,72936.0,72936.0
Chhattisgarh,IN-CG,Central,State,2015-16,2015,72991.0,72991.0
Chhattisgarh,IN-CG,Central,State,2016-17,2016,83285.0,83285.0
Chhattisgarh,IN-CG,Central,State,2017-18,2017,88793.0,88793.0
Chhattisgarh,IN-CG,Central,State,2018-19,2018,102024.0,102024.0
Chhattisgarh,IN-CG,Central,State,2019-20,2019,106611.0,106611.0
Chhattisgarh,IN-CG,Central,State,2020-21,2020,106117.0,106117.0
Chhattisgarh,IN-CG,Central,State,2021-22,2021,123493.0,123493.0
Chhattisgarh,IN-CG,Central,State,2022-23,2022,134996.0,134996.0
Chhattisgarh,IN-CG,Central,State,2023-24,2023,148922.0,148922.0
Chhattisgarh,IN-CG,Central,State,2024-25,2024,162870.0,162870.0
Delhi,IN-DL,Northern,Union Territory,2011-12,2011,185001.0,185001.0
Delhi,IN-DL,Northern,Union Territory,2012-13,2012,205568.0,205568.0
Delhi,IN-DL,Northern,Union Territory,2013-14,2013,227900.0,227900.0
Delhi,IN-DL,Northern,Union Territory,2014-15,2014,247209.0,247209.0
Delhi,IN-DL,Northern,Union Territory,2015-16,2015,270261.0,270261.0
Delhi,IN-DL,Northern,Union Territory,2016-17,2016,295558.0,295558.0
Delhi,IN-DL,Northern,Union Territory,2017-18,2017,318323.0,318323.0
Delhi,IN-DL,Northern,Union Territory,2018-19,2018,338730.0,338730.0
Delhi,IN-DL,Northern,Union Territory,2019-20,2019,355798.0,355798.0
Delhi,IN-DL,Northern,Union Territory,2020-21,2020,322311.0,322311.0
Delhi,IN-DL,Northern,Union Territory,2021-22,2021,370824.0,370824.0
Delhi,IN-DL,Northern,Union Territory,2022-23,2022,417217.0,417217.0
Delhi,IN-DL,Northern,Union Territory,2023-24,2023,459408.0,459408.0
Delhi,IN-DL,Northern,Union Territory,2024-25,2024,493024.0,493024.0
Goa,IN-GA,Western,State,2011-12,2011,259444.0,259444.0
Goa,IN-GA,Western,State,2012-13,2012,234354.0,234354.0
Goa,IN-GA,Western,State,2013-14,2013,215776.0,215776.0
Goa,IN-GA,Western,State,2014-15,2014,289185.0,289185.0
Goa,IN-GA,Western,State,2015-16,2015,334576.0,334576.0
Goa,IN-GA,Western,State,2016-17,2016,378953.0,378953.0
Goa,IN-GA,Western,State,2017-18,2017,411740.0,411740.0
Goa,IN-GA,Western,State,2018-19,2018,423716.0,423716.0
Goa,IN-GA,Western,State,2019-20,2019,435949.0,435949.0
Goa,IN-GA,Western,State,2020-21,2020,423047.0,423047.0
Goa,IN-GA,Western,State,2021-22,2021,459094.0,459094.0
Goa,IN-GA,Western,State,2022-23,2022,532854.0,532854.0
Goa,IN-GA,Western,State,2023-24,2023,585953.0,585953.0
Goa,IN-GA,Western,State,2024-25,2024,,
Gujarat,IN-GJ,Western,State,2011-12,2011,87481.0,87481.0
Gujarat,IN-GJ,Western,State,2012-13,2012,102826.0,102826.0
Gujarat,IN-GJ,Western,State,2013-14,2013,113139.0,113139.0
Gujarat,IN-GJ,Western,State,2014-15,2014,127017.0,127017.0
Gujarat,IN-GJ,Western,State,2015-16,2015,139254.0,139254.0
Gujarat,IN-GJ,Western,State,2016-17,2016,156295.0,156295.0
Gujarat,IN-GJ,Western,State,2017-18,2017,176961.0,176961.0
Gujarat,IN-GJ,Western,State,2018-19,2018,197457.0,197457.0
Gujarat,IN-GJ,Western,State,2019-20,2019,212428.0,212428.0
Gujarat,IN-GJ,Western,State,2020-21,2020,207324.0,207324.0
Gujarat,IN-GJ,Western,State,2021-22,2021,241584.0,241584.0
Gujarat,IN-GJ,Western,State,2022-23,2022,272451.0,272451.0
Gujarat,IN-GJ,Western,State,2023-24,2023,,
Gujarat,IN-GJ,Western,State,2024-25,2024,,
Haryana,IN-HR,Northern,State,2011-12,2011,106085.0,106085.0
Haryana,IN-HR,Northern,State,2012-13,2012,121269.0,121269.0
Haryana,IN-HR,Northern,State,2013-14,2013,137770.0,137770.0
Haryana,IN-HR,Northern,State,2014-15,2014,147382.0,147382.0
Haryana,IN-HR,Northern,State,2015-16,2015,164963.0,164963.0
Haryana,IN-HR,Northern,State,2016-17,2016,184982.0,184982.0
Haryana,IN-HR,Northern,State,2017-18,2017,208437.0,208437.0
Haryana,IN-HR,Northern,State,2018-19,2018,223022.0,223022.0
Haryana,IN-HR,Northern,State,2019-20,2019,232530.0,232530.0
Haryana,IN-HR,Northern,State,2020-21,2020,225137.0,225137.0
Haryana,IN-HR,Northern,State,2021-22,2021,265163.0,265163.0
Haryana,IN-HR,Northern,State,2022-23,2022,289213.0,289213.0
Haryana,IN-HR,Northern,State,2023-24,2023,319363.0,319363.0
Haryana,IN-HR,Northern,State,2024-25,2024,353182.0,353182.0
Himachal Pradesh,IN-HP,Northern,State,2011-12,2011,87721.0,87721.0
Himachal Pradesh,IN-HP,Northern,State,2012-13,2012,99730.0,99730.0
Himachal Pradesh,IN-HP,Northern,State,2013-14,2013,114095.0,114095.0
Himachal Pradesh,IN-HP,Northern,State,2014-15,2014,123299.0,123299.0
Himachal Pradesh,IN-HP,Northern,State,2015-16,2015,135512.0,135512.0
Himachal Pradesh,IN-HP,Northern,State,2016-17,2016,150290.0,150290.0
Himachal Pradesh,IN-HP,Northern,State,2017-18,2017,165497.0,165497.0
Himachal Pradesh,IN-HP,Northern,State,2018-19,2018,174804.0,174804.0
Himachal Pradesh,IN-HP,Northern,State,2019-20,2019,186559.0,186559.0
Himachal Pradesh,IN-HP,Northern,State,2020-21,2020,173565.0,173565.0
Himachal Pradesh,IN-HP,Northern,State,2021-22,2021,193016.0,193016.0
Himachal Pradesh,IN-HP,Northern,State,2022-23,2022,214952.0,214952.0
Himachal Pradesh,IN-HP,Northern,State,2023-24,2023,234721.0,234721.0
Himachal Pradesh,IN-HP,Northern,State,2024-25,2024,256137.0,256137.0
Jammu and Kashmir,IN-JK,Northern,Union Territory,2011-12,2011,51775.0,51775.0
Jammu and Kashmir,IN-JK,Northern,Union Territory,2012-13,2012,57279.0,57279.0
Jammu and Kashmir,IN-JK,Northern,Union Territory,2013-14,2013,61907.0,61907.0
Jammu and Kashmir,IN-JK,Northern,Union Territory,2014-15,2014,62327.0,62327.0
Jammu and Kashmir,IN-JK,Northern,Union Territory,2015-16,2015,74950.0,74950.0
Jammu and Kashmir,IN-JK,Northern,Union Territory,2016-17,2016,78960.0,78960.0
Jammu and Kashmir,IN-JK,Northern,Union Territory,2017-18,2017,87710.0,87710.0
Jammu and Kashmir,IN-JK,Northern,Union Territory,2018-19,2018,98738.0,98738.0
Jammu and Kashmir,IN-JK,Northern,Union Territory,2019-20,2019,101868.0,101868.0
Jammu and Kashmir,IN-JK,Northern,Union Territory,2020-21,2020,101645.0,101645.0
Jammu and Kashmir,IN-JK,Northern,Union Territory,2021-22,2021,112898.0,112898.0
Jammu and Kashmir,IN-JK,Northern,Union Territory,2022-23,2022,123614.0,123614.0
Jammu and Kashmir,IN-JK,Northern,Union Territory,2023-24,2023,140051.0,140051.0
Jammu and Kashmir,IN-JK,Northern,Union Territory,2024-25,2024,154826.0,154826.0
Jharkhand,IN-JH,Eastern,State,2011-12,2011,41254.0,41254.0
Jharkhand,IN-JH,Eastern,State,2012-13,2012,47360.0,47360.0
Jharkhand,IN-JH,Eastern,State,2013-14,2013,50006.0,50006.0
Jharkhand,IN-JH,Eastern,State,2014-15,2014,57301.0,57301.0
Jharkhand,IN-JH,Eastern,State,2015-16,2015,52754.0,52754.0
Jharkhand,IN-JH,Eastern,State,2016-17,2016,60018.0,60018.0
Jharkhand,IN-JH,Eastern,State,2017-18,2017,67484.0,67484.0
Jharkhand,IN-JH,Eastern,State,2018-19,2018,75421.0,75421.0
Jharkhand,IN-JH,Eastern,State,2019-20,2019,75016.0,75016.0
Jharkhand,IN-JH,Eastern,State,2020-21,2020,69963.0,69963.0
Jharkhand,IN-JH,Eastern,State,2021-22,2021,88500.0,88500.0
Jharkhand,IN-JH,Eastern,State,2022-23,2022,95839.0,95839.0
Jharkhand,IN-JH,Eastern,State,2023-24,2023,106529.0,106529.0
Jharkhand,IN-JH,Eastern,State,2024-25,2024,116663.0,116663.0
Karnataka,IN-KA,Southern,State,2011-12,2011,90263.0,90263.0
Karnataka,IN-KA,Southern,State,2012-13,2012,102319.0,102319.0
Karnataka,IN-KA,Southern,State,2013-14,2013,118829.0,118829.0
Karnataka,IN-KA,Southern,State,2014-15,2014,130024.0,130024.0
Karnataka,IN-KA,Southern,State,2015-16,2015,148108.0,148108.0
Karnataka,IN-KA,Southern,State,2016-17,2016,169898.0,169898.0
Karnataka,IN-KA,Southern,State,2017-18,2017,185840.0,185840.0
Karnataka,IN-KA,Southern,State,2018-19,2018,205245.0,205245.0
Karnataka,IN-KA,Southern,State,2019-20,2019,222141.0,222141.0
Karnataka,IN-KA,Southern,State,2020-21,2020,221683.0,221683.0
Karnataka,IN-KA,Southern,State,2021-22,2021,268963.0,268963.0
Karnataka,IN-KA,Southern,State,2022-23,2022,310325.0,310325.0
Karnataka,IN-KA,Southern,State,2023-24,2023,339813.0,339813.0
Karnataka,IN-KA,Southern,State,2024-25,2024,380906.0,380906.0
Kerala,IN-KL,Southern,State,2011-12,2011,97912.0,97912.0
Kerala,IN-KL,Southern,State,2012-13,2012,110314.0,110314.0
Kerala,IN-KL,Southern,State,2013-14,2013,123388.0,123388.0
Kerala,IN-KL,Southern,State,2014-15,2014,135537.0,135537.0
Kerala,IN-KL,Southern,State,2015-16,2015,148133.0,148133.0
Kerala,IN-KL,Southern,State,2016-17,2016,166246.0,166246.0
Kerala,IN-KL,Southern,State,2017-18,2017,183252.0,183252.0
Kerala,IN-KL,Southern,State,2018-19,2018,205437.0,205437.0
Kerala,IN-KL,Southern,State,2019-20,2019,208879.0,208879.0
Kerala,IN-KL,Southern,State,2020-21,2020,194432.0,194432.0
Kerala,IN-KL,Southern,State,2021-22,2021,230280.0,230280.0
Kerala,IN-KL,Southern,State,2022-23,2022,257307.0,257307.0
Kerala,IN-KL,Southern,State,2023-24,2023,281269.0,281269.0
Kerala,IN-KL,Southern,State,2024-25,2024,308338.0,308338.0
Ladakh,IN-LA,Northern,Union Territory,2011-12,2011,,
Ladakh,IN-LA,Northern,Union Territory,2012-13,2012,,
Ladakh,IN-LA,Northern,Union Territory,2013-14,2013,,
Ladakh,IN-LA,Northern,Union Territory,2014-15,2014,,
Ladakh,IN-LA,Northern,Union Territory,2015-16,2015,,
Ladakh,IN-LA,Northern,Union Territory,2016-17,2016,,
Ladakh,IN-LA,Northern,Union Territory,2017-18,2017,,
Ladakh,IN-LA,Northern,Union Territory,2018-19,2018,,
Ladakh,IN-LA,Northern,Union Territory,2019-20,2019,,
Ladakh,IN-LA,Northern,Union Territory,2020-21,2020,,
Ladakh,IN-LA,Northern,Union Territory,2021-22,2021,,
Ladakh,IN-LA,Northern,Union Territory,2022-23,2022,186970.0,186970.0
Ladakh,IN-LA,Northern,Union Territory,2023-24,2023,242360.0,242360.0
Ladakh,IN-LA,Northern,Union Territory,2024-25,2024,,
Madhya Pradesh,IN-MP,Central,State,2011-12,2011,38497.0,38497.0
Madhya Pradesh,IN-MP,Central,State,2012-13,2012,44773.0,44773.0
Madhya Pradesh,IN-MP,Central,State,2013-14,2013,51849.0,51849.0
Madhya Pradesh,IN-MP,Central,State,2014-15,2014,55678.0,55678.0
Madhya Pradesh,IN-MP,Central,State,2015-16,2015,62080.0,62080.0
Madhya Pradesh,IN-MP,Central,State,2016-17,2016,74324.0,74324.0
Madhya Pradesh,IN-MP,Central,State,2017-18,2017,81966.0,81966.0
Madhya Pradesh,IN-MP,Central,State,2018-19,2018,92337.0,92337.0
Madhya Pradesh,IN-MP,Central,State,2019-20,2019,101909.0,101909.0
Madhya Pradesh,IN-MP,Central,State,2020-21,2020,101958.0,101958.0
Madhya Pradesh,IN-MP,Central,State,2021-22,2021,117402.0,117402.0
Madhya Pradesh,IN-MP,Central,State,2022-23,2022,127947.0,127947.0
Madhya Pradesh,IN-MP,Central,State,2023-24,2023,139713.0,139713.0
Madhya Pradesh,IN-MP,Central,State,2024-25,2024,152615.0,152615.0
Maharashtra,IN-MH,Western,State,2011-12,2011,99597.0,99597.0
Maharashtra,IN-MH,Western,State,2012-13,2012,112092.0,112092.0
Maharashtra,IN-MH,Western,State,2013-14,2013,125261.0,125261.0
Maharashtra,IN-MH,Western,State,2014-15,2014,132836.0,132836.0
Maharashtra,IN-MH,Western,State,2015-16,2015,146815.0,146815.0
Maharashtra,IN-MH,Western,State,2016-17,2016,163726.0,163726.0
Maharashtra,IN-MH,Western,State,2017-18,2017,172663.0,172663.0
Maharashtra,IN-MH,Western,State,2018-19,2018,182865.0,182865.0
Maharashtra,IN-MH,Western,State,2019-20,2019,189843.0,189843.0
Maharashtra,IN-MH,Western,State,2020-21,2020,182454.0,182454.0
Maharashtra,IN-MH,Western,State,2021-22,2021,219620.0,219620.0
Maharashtra,IN-MH,Western,State,2022-23,2022,252289.0,252289.0
Maharashtra,IN-MH,Western,State,2023-24,2023,278681.0,278681.0
Maharashtra,IN-MH,Western,State,2024-25,2024,309340.0,309340.0
Manipur,IN-MN,North-Eastern,State,2011-12,2011,39762.0,39762.0
Manipur,IN-MN,North-Eastern,State,2012-13,2012,41230.0,41230.0
Manipur,IN-MN,North-Eastern,State,2013-14,2013,47798.0,47798.0
Manipur,IN-MN,North-Eastern,State,2014-15,2014,52717.0,52717.0
Manipur,IN-MN,North-Eastern,State,2015-16,2015,55447.0,55447.0
Manipur,IN-MN,North-Eastern,State,2016-17,2016,59345.0,59345.0
Manipur,IN-MN,North-Eastern,State,2017-18,2017,71507.0,71507.0
Manipur,IN-MN,North-Eastern,State,2018-19,2018,73795.0,73795.0
Manipur,IN-MN,North-Eastern,State,2019-20,2019,78574.0,78574.0
Manipur,IN-MN,North-Eastern,State,2020-21,2020,75784.0,75784.0
Manipur,IN-MN,North-Eastern,State,2021-22,2021,98826.0,98826.0
Manipur,IN-MN,North-Eastern,State,2022-23,2022,107133.0,107133.0
Manipur,IN-MN,North-Eastern,State,2023-24,2023,119938.0,119938.0
Manipur,IN-MN,North-Eastern,State,2024-25,2024,,
Meghalaya,IN-ML,North-Eastern,State,2011-12,2011,59794.0,59794.0
Meghalaya,IN-ML,North-Eastern,State,2012-13,2012,64477.0,64477.0
Meghalaya,IN-ML,North-Eastern,State,2013-14,2013,66281.0,66281.0
Meghalaya,IN-ML,North-Eastern,State,2014-15,2014,66485.0,66485.0
Meghalaya,IN-ML,North-Eastern,State,2015-16,2015,71594.0,71594.0
Meghalaya,IN-ML,North-Eastern,State,2016-17,2016,77585.0,77585.0
Meghalaya,IN-ML,North-Eastern,State,2017-18,2017,82457.0,82457.0
Meghalaya,IN-ML,North-Eastern,State,2018-19,2018,88954.0,88954.0
Meghalaya,IN-ML,North-Eastern,State,2019-20,2019,95422.0,95422.0
Meghalaya,IN-ML,North-Eastern,State,2020-21,2020,90751.0,90751.0
Meghalaya,IN-ML,North-Eastern,State,2021-22,2021,107971.0,107971.0
Meghalaya,IN-ML,North-Eastern,State,2022-23,2022,124673.0,124673.0
Meghalaya,IN-ML,North-Eastern,State,2023-24,2023,141195.0,141195.0
Meghalaya,IN-ML,North-Eastern,State,2024-25,2024,157141.0,157141.0
Mizoram,IN-MZ,North-Eastern,State,2011-12,2011,57654.0,57654.0
Mizoram,IN-MZ,North-Eastern,State,2012-13,2012,65013.0,65013.0
Mizoram,IN-MZ,North-Eastern,State,2013-14,2013,77584.0,77584.0
Mizoram,IN-MZ,North-Eastern,State,2014-15,2014,103049.0,103049.0
Mizoram,IN-MZ,North-Eastern,State,2015-16,2015,114055.0,114055.0
Mizoram,IN-MZ,North-Eastern,State,2016-17,2016,127107.0,127107.0
Mizoram,IN-MZ,North-Eastern,State,2017-18,2017,155222.0,155222.0
Mizoram,IN-MZ,North-Eastern,State,2018-19,2018,164708.0,164708.0
Mizoram,IN-MZ,North-Eastern,State,2019-20,2019,195365.0,195365.0
Mizoram,IN-MZ,North-Eastern,State,2020-21,2020,173521.0,173521.0
Mizoram,IN-MZ,North-Eastern,State,2021-22,2021,190965.0,190965.0
Mizoram,IN-MZ,North-Eastern,State,2022-23,2022,213665.0,213665.0
Mizoram,IN-MZ,North-Eastern,State,2023-24,2023,234996.0,234996.0
Mizoram,IN-MZ,North-Eastern,State,2024-25,2024,,
Nagaland,IN-NL,North-Eastern,State,2011-12,2011,53010.0,53010.0
Nagaland,IN-NL,North-Eastern,State,2012-13,2012,61225.0,61225.0
Nagaland,IN-NL,North-Eastern,State,2013-14,2013,71510.0,71510.0
Nagaland,IN-NL,North-Eastern,State,2014-15,2014,78367.0,78367.0
Nagaland,IN-NL,North-Eastern,State,2015-16,2015,82466.0,82466.0
Nagaland,IN-NL,North-Eastern,State,2016-17,2016,91347.0,91347.0
Nagaland,IN-NL,North-Eastern,State,2017-18,2017,102003.0,102003.0
Nagaland,IN-NL,North-Eastern,State,2018-19,2018,109198.0,109198.0
Nagaland,IN-NL,North-Eastern,State,2019-20,2019,122759.0,122759.0
Nagaland,IN-NL,North-Eastern,State,2020-21,2020,119781.0,119781.0
Nagaland,IN-NL,North-Eastern,State,2021-22,2021,127225.0,127225.0
Nagaland,IN-NL,North-Eastern,State,2022-23,2022,138889.0,138889.0
Nagaland,IN-NL,North-Eastern,State,2023-24,2023,154828.0,154828.0
Nagaland,IN-NL,North-Eastern,State,2024-25,2024,,
Odisha,IN-OD,Eastern,State,2011-12,2011,48387.0,48387.0
Odisha,IN-OD,Eastern,State,2012-13,2012,54762.0,54762.0
Odisha,IN-OD,Eastern,State,2013-14,2013,60687.0,60687.0
Odisha,IN-OD,Eastern,State,2014-15,2014,63345.0,63345.0
Odisha,IN-OD,Eastern,State,2015-16,2015,64835.0,64835.0
Odisha,IN-OD,Eastern,State,2016-17,2016,77507.0,77507.0
Odisha,IN-OD,Eastern,State,2017-18,2017,87055.0,87055.0
Odisha,IN-OD,Eastern,State,2018-19,2018,98005.0,98005.0
Odisha,IN-OD,Eastern,State,2019-20,2019,104633.0,104633.0
Odisha,IN-OD,Eastern,State,2020-21,2020,103211.0,103211.0
Odisha,IN-OD,Eastern,State,2021-22,2021,133768.0,133768.0
Odisha,IN-OD,Eastern,State,2022-23,2022,134612.0,134612.0
Odisha,IN-OD,Eastern,State,2023-24,2023,150414.0,150414.0
Odisha,IN-OD,Eastern,State,2024-25,2024,168966.0,168966.0
Puducherry,IN-PY,Southern,Union Territory,2011-12,2011,119649.0,119649.0
Puducherry,IN-PY,Southern,Union Territory,2012-13,2012,130548.0,130548.0
Puducherry,IN-PY,Southern,Union Territory,2013-14,2013,148147.0,148147.0
Puducherry,IN-PY,Southern,Union Territory,2014-15,2014,146921.0,146921.0
Puducherry,IN-PY,Southern,Union Territory,2015-16,2015,172727.0,172727.0
Puducherry,IN-PY,Southern,Union Territory,2016-17,2016,187356.0,187356.0
Puducherry,IN-PY,Southern,Union Territory,2017-18,2017,198357.0,198357.0
Puducherry,IN-PY,Southern,Union Territory,2018-19,2018,204140.0,204140.0
Puducherry,IN-PY,Southern,Union Territory,2019-20,2019,217937.0,217937.0
Puducherry,IN-PY,Southern,Union Territory,2020-21,2020,208862.0,208862.0
Puducherry,IN-PY,Southern,Union Territory,2021-22,2021,231557.0,231557.0
Puducherry,IN-PY,Southern,Union Territory,2022-23,2022,231231.0,231231.0
Puducherry,IN-PY,Southern,Union Territory,2023-24,2023,252164.0,252164.0
Puducherry,IN-PY,Southern,Union Territory,2024-25,2024,281478.0,281478.0
Punjab,IN-PB,Northern,State,2011-12,2011,85577.0,85577.0
Punjab,IN-PB,Northern,State,2012-13,2012,94318.0,94318.0
Punjab,IN-PB,Northern,State,2013-14,2013,103831.0,103831.0
Punjab,IN-PB,Northern,State,2014-15,2014,108970.0,108970.0
Punjab,IN-PB,Northern,State,2015-16,2015,118858.0,118858.0
Punjab,IN-PB,Northern,State,2016-17,2016,128780.0,128780.0
Punjab,IN-PB,Northern,State,2017-18,2017,139835.0,139835.0
Punjab,IN-PB,Northern,State,2018-19,2018,149974.0,149974.0
Punjab,IN-PB,Northern,State,2019-20,2019,154385.0,154385.0
Punjab,IN-PB,Northern,State,2020-21,2020,150620.0,150620.0
Punjab,IN-PB,Northern,State,2021-22,2021,170276.0,170276.0
Punjab,IN-PB,Northern,State,2022-23,2022,185802.0,185802.0
Punjab,IN-PB,Northern,State,2023-24,2023,205374.0,205374.0
Punjab,IN-PB,Northern,State,2024-25,2024,221197.0,221197.0
Rajasthan,IN-RJ,Northern,State,2011-12,2011,57192.0,57192.0
Rajasthan,IN-RJ,Northern,State,2012-13,2012,63658.0,63658.0
Rajasthan,IN-RJ,Northern,State,2013-14,2013,69480.0,69480.0
Rajasthan,IN-RJ,Northern,State,2014-15,2014,76429.0,76429.0
Rajasthan,IN-RJ,Northern,State,2015-16,2015,83426.0,83426.0
Rajasthan,IN-RJ,Northern,State,2016-17,2016,91924.0,91924.0
Rajasthan,IN-RJ,Northern,State,2017-18,2017,98698.0,98698.0
Rajasthan,IN-RJ,Northern,State,2018-19,2018,106604.0,106604.0
Rajasthan,IN-RJ,Northern,State,2019-20,2019,115534.0,115534.0
Rajasthan,IN-RJ,Northern,State,2020-21,2020,114925.0,114925.0
Rajasthan,IN-RJ,Northern,State,2021-22,2021,134143.0,134143.0
Rajasthan,IN-RJ,Northern,State,2022-23,2022,150020.0,150020.0
Rajasthan,IN-RJ,Northern,State,2023-24,2023,166647.0,166647.0
Rajasthan,IN-RJ,Northern,State,2024-25,2024,185053.0,185053.0
Sikkim,IN-SK,North-Eastern,State,2011-12,2011,158667.0,158667.0
Sikkim,IN-SK,North-Eastern,State,2012-13,2012,174183.0,174183.0
Sikkim,IN-SK,North-Eastern,State,2013-14,2013,194624.0,194624.0
Sikkim,IN-SK,North-Eastern,State,2014-15,2014,214148.0,214148.0
Sikkim,IN-SK,North-Eastern,State,2015-16,2015,245987.0,245987.0
Sikkim,IN-SK,North-Eastern,State,2016-17,2016,280729.0,280729.0
Sikkim,IN-SK,North-Eastern,State,2017-18,2017,349163.0,349163.0
Sikkim,IN-SK,North-Eastern,State,2018-19,2018,375773.0,375773.0
Sikkim,IN-SK,North-Eastern,State,2019-20,2019,412627.0,412627.0
Sikkim,IN-SK,North-Eastern,State,2020-21,2020,415045.0,415045.0
Sikkim,IN-SK,North-Eastern,State,2021-22,2021,466518.0,466518.0
Sikkim,IN-SK,North-Eastern,State,2022-23,2022,520466.0,520466.0
Sikkim,IN-SK,North-Eastern,State,2023-24,2023,587743.0,587743.0
Sikkim,IN-SK,North-Eastern,State,2024-25,2024,,
Tamil Nadu,IN-TN,Southern,State,2011-12,2011,93112.0,93112.0
Tamil Nadu,IN-TN,Southern,State,2012-13,2012,105340.0,105340.0
Tamil Nadu,IN-TN,Southern,State,2013-14,2013,116960.0,116960.0
Tamil Nadu,IN-TN,Southern,State,2014-15,2014,129494.0,129494.0
Tamil Nadu,IN-TN,Southern,State,2015-16,2015,142028.0,142028.0
Tamil Nadu,IN-TN,Southern,State,2016-17,2016,156595.0,156595.0
Tamil Nadu,IN-TN,Southern,State,2017-18,2017,175276.0,175276.0
Tamil Nadu,IN-TN,Southern,State,2018-19,2018,194373.0,194373.0
Tamil Nadu,IN-TN,Southern,State,2019-20,2019,206165.0,206165.0
Tamil Nadu,IN-TN,Southern,State,2020-21,2020,209628.0,209628.0
Tamil Nadu,IN-TN,Southern,State,2021-22,2021,242339.0,242339.0
Tamil Nadu,IN-TN,Southern,State,2022-23,2022,275272.0,275272.0
Tamil Nadu,IN-TN,Southern,State,2023-24,2023,313329.0,313329.0
Tamil Nadu,IN-TN,Southern,State,2024-25,2024,361619.0,361619.0
Telangana,IN-TS,Southern,State,2011-12,2011,91121.0,91121.0
Telangana,IN-TS,Southern,State,2012-13,2012,101007.0,101007.0
Telangana,IN-TS,Southern,State,2013-14,2013,112162.0,112162.0
Telangana,IN-TS,Southern,State,2014-15,2014,124104.0,124104.0
Telangana,IN-TS,Southern,State,2015-16,2015,140840.0,140840.0
Telangana,IN-TS,Southern,State,2016-17,2016,159395.0,159395.0
Telangana,IN-TS,Southern,State,2017-18,2017,179358.0,179358.0
Telangana,IN-TS,Southern,State,2018-19,2018,209848.0,209848.0
Telangana,IN-TS,Southern,State,2019-20,2019,231326.0,231326.0
Telangana,IN-TS,Southern,State,2020-21,2020,225734.0,225734.0
Telangana,IN-TS,Southern,State,2021-22,2021,269000.0,269000.0
Telangana,IN-TS,Southern,State,2022-23,2022,312046.0,312046.0
Telangana,IN-TS,Southern,State,2023-24,2023,347714.0,347714.0
Telangana,IN-TS,Southern,State,2024-25,2024,387623.0,387623.0
Tripura,IN-TR,North-Eastern,State,2011-12,2011,47155.0,47155.0
Tripura,IN-TR,North-Eastern,State,2012-13,2012,52574.0,52574.0
Tripura,IN-TR,North-Eastern,State,2013-14,2013,61815.0,61815.0
Tripura,IN-TR,North-Eastern,State,2014-15,2014,69857.0,69857.0
Tripura,IN-TR,North-Eastern,State,2015-16,2015,84267.0,84267.0
Tripura,IN-TR,North-Eastern,State,2016-17,2016,91596.0,91596.0
Tripura,IN-TR,North-Eastern,State,2017-18,2017,100444.0,100444.0
Tripura,IN-TR,North-Eastern,State,2018-19,2018,113016.0,113016.0
Tripura,IN-TR,North-Eastern,State,2019-20,2019,121456.0,121456.0
Tripura,IN-TR,North-Eastern,State,2020-21,2020,118401.0,118401.0
Tripura,IN-TR,North-Eastern,State,2021-22,2021,137032.0,137032.0
Tripura,IN-TR,North-Eastern,State,2022-23,2022,153584.0,153584.0
Tripura,IN-TR,North-Eastern,State,2023-24,2023,172299.0,172299.0
Tripura,IN-TR,North-Eastern,State,2024-25,2024,192842.0,192842.0
Uttar Pradesh,IN-UP,Central,State,2011-12,2011,32648.0,32648.0
Uttar Pradesh,IN-UP,Central,State,2012-13,2012,36571.0,36571.0
Uttar Pradesh,IN-UP,Central,State,2013-14,2013,41137.0,41137.0
Uttar Pradesh,IN-UP,Central,State,2014-15,2014,43458.0,43458.0
Uttar Pradesh,IN-UP,Central,State,2015-16,2015,48725.0,48725.0
Uttar Pradesh,IN-UP,Central,State,2016-17,2016,54564.0,54564.0
Uttar Pradesh,IN-UP,Central,State,2017-18,2017,59595.0,59595.0
Uttar Pradesh,IN-UP,Central,State,2018-19,2018,64113.0,64113.0
Uttar Pradesh,IN-UP,Central,State,2019-20,2019,67639.0,67639.0
Uttar Pradesh,IN-UP,Central,State,2020-21,2020,63464.0,63464.0
Uttar Pradesh,IN-UP,Central,State,2021-22,2021,76063.0,76063.0
Uttar Pradesh,IN-UP,Central,State,2022-23,2022,84640.0,84640.0
Uttar Pradesh,IN-UP,Central,State,2023-24,2023,97364.0,97364.0
Uttar Pradesh,IN-UP,Central,State,2024-25,2024,108572.0,108572.0
Uttarakhand,IN-UK,Central,State,2011-12,2011,100314.0,100314.0
Uttarakhand,IN-UK,Central,State,2012-13,2012,113654.0,113654.0
Uttarakhand,IN-UK,Central,State,2013-14,2013,126356.0,126356.0
Uttarakhand,IN-UK,Central,State,2014-15,2014,136099.0,136099.0
Uttarakhand,IN-UK,Central,State,2015-16,2015,147936.0,147936.0
Uttarakhand,IN-UK,Central,State,2016-17,2016,161752.0,161752.0
Uttarakhand,IN-UK,Central,State,2017-18,2017,180857.0,180857.0
Uttarakhand,IN-UK,Central,State,2018-19,2018,186207.0,186207.0
Uttarakhand,IN-UK,Central,State,2019-20,2019,190558.0,190558.0
Uttarakhand,IN-UK,Central,State,2020-21,2020,174526.0,174526.0
Uttarakhand,IN-UK,Central,State,2021-22,2021,194670.0,194670.0
Uttarakhand,IN-UK,Central,State,2022-23,2022,219850.0,219850.0
Uttarakhand,IN-UK,Central,State,2023-24,2023,246178.0,246178.0
Uttarakhand,IN-UK,Central,State,2024-25,2024,274064.0,274064.0
West Bengal,IN-WB,Eastern,State,2011-12,2011,51543.0,51543.0
West Bengal,IN-WB,Eastern,State,2012-13,2012,58195.0,58195.0
West Bengal,IN-WB,Eastern,State,2013-14,2013,65932.0,65932.0
West Bengal,IN-WB,Eastern,State,2014-15,2014,68876.0,68876.0
West Bengal,IN-WB,Eastern,State,2015-16,2015,75992.0,75992.0
West Bengal,IN-WB,Eastern,State,2016-17,2016,82291.0,82291.0
West Bengal,IN-WB,Eastern,State,2017-18,2017,91401.0,91401.0
West Bengal,IN-WB,Eastern,State,2018-19,2018,103920.0,103920.0
West Bengal,IN-WB,Eastern,State,2019-20,2019,110316.0,110316.0
West Bengal,IN-WB,Eastern,State,2020-21,2020,105108.0,105108.0
West Bengal,IN-WB,Eastern,State,2021-22,2021,122883.0,122883.0
West Bengal,IN-WB,Eastern,State,2022-23,2022,137909.0,137909.0
West Bengal,IN-WB,Eastern,State,2023-24,2023,149515.0,149515.0
West Bengal,IN-WB,Eastern,State,2024-25,2024,163467.0,163467.0
