Year_Start,Financial_Year,N_States,Mean_INR,Median_INR,Min_INR,Max_INR,Std_Dev_INR,CV,Q1_INR,Q3_INR,IQR_INR,P90_INR,P10_INR,P90_P10_Ratio,Max_Min_Ratio
2011,2011-12,33,83311.84848484848,73540,21750,259444,49338.12534194602,0.5922101866569304,51543,97912,46369,150863.40000000002,40038,3.7680053948748693,11.928459770114943
2012,2012-13,33,91549.12121212122,82626,24487,234354,49510.19102528133,0.5408046562300166,57279,110314,53035,165456.00000000003,44633.799999999996,3.706966469357304,9.570547637521951
2013,2013-14,33,101279.81818181818,94135,26948,227900,51651.50629970445,0.509988142030225,61907,123388,61481,185328.60000000003,49788.399999999994,3.722324878887453,8.457028350898026
2014,2014-15,33,111886.24242424243,108970,28671,289185,60028.21647724838,0.5365111489725215,66485,132836,66351,199551.60000000006,53451.600000000006,3.733313876478909,10.08632416030135
2015,2015-16,33,123723.06060606061,116985,30404,334576,68527.54259462915,0.5538784949139248,72991,147936,74945,218552.60000000003,56521,3.866750411351534,11.004341534008683
2016,2016-17,33,137628.12121212122,127107,34045,378953,76810.4706724438,0.5581015710739713,78960,163726,84766,239260.00000000006,61280.399999999994,3.904347882846719,11.130944338375679
2017,2017-18,33,153583.36363636365,139835,36850,411740,86161.58003383025,0.5610085493233066,87710,180857,93147,266097.00000000006,72235.8,3.683727459237664,11.173405698778833
2018,2018-19,33,166829.48484848486,155103,40715,423716,90595.2479848975,0.5430409862331975,98738,204254,105516,290854.00000000006,76543.6,3.799847407229344,10.406877072332064
2019,2019-20,33,178224.0303030303,182171,44175,435949,95855.00558672094,0.5378343505291674,104633,217937,113304,311068.4000000001,80883.8,3.8458677757474313,9.868681380871534
2020,2020-21,33,171316.87878787878,173521,42128,423047,91448.35572426848,0.53379653173286,103211,208862,105651,277480.4,78016.6,3.5566840903089854,10.041943600455754
2021,2021-22,33,196856.66666666666,190965,47296,466518,101683.90987014202,0.5165378018023707,122883,241584,118701,323724.80000000005,99735,3.2458495011781223,9.86379397834912
2022,2022-23,34,219966.41176470587,209067,54637,532854,116043.76001557596,0.5275521798287363,134708,270334.25,135626.25,379572.19999999995,111465,3.4053039070560263,9.752621849662317
2023,2023-24,33,242644.45454545456,234721,62201,587743,129753.04699844502,0.5347455693620164,148922,281269,132347,432308.4000000001,123893,3.489369052327412,9.449092458320607
2024,2024-25,25,237259.28,221197,69321,493024,103840.59499681872,0.4376671588854974,159185,308338,149153,373191.2,131043.80000000002,2.8478356091627375,7.112188225790165
