Financial_Year,R_Mean,R_Median,R_SD,R_CV,Py_Mean,Py_Median,Py_SD,Py_CV,Mean_Diff,Median_Diff,SD_Diff,CV_Diff
2011-12,83311.84848484848,73540,49338.12534194602,0.5922101866569304,83311.85,73540,49338.13,0.5922,0.0015151515253819525,0,0.004658053978346288,1.0186656930422089e-5
2012-13,91549.12121212122,82626,49510.19102528133,0.5408046562300166,91549.12,82626,49510.19,0.5408,0.001212121220305562,0,0.0010252813299302943,4.6562300166641535e-6
2013-14,101279.81818181818,94135,51651.50629970445,0.509988142030225,101279.82,94135,51651.51,0.51,0.001818181830458343,0,0.0037002955505158752,1.1857969774986543e-5
2014-15,111886.24242424243,108970,60028.21647724838,0.5365111489725215,111886.24,108970,60028.22,0.5365,0.002424242426059209,0,0.003522751620039344,1.1148972521524136e-5
2015-16,123723.06060606061,116985,68527.54259462915,0.5538784949139248,123723.06,116985,68527.54,0.5539,6.06060610152781e-4,0,0.0025946291571017355,2.1505086075124247e-5
2016-17,137628.12121212122,127107,76810.4706724438,0.5581015710739713,137628.12,127107,76810.47,0.5581,0.001212121220305562,0,6.72443798976019e-4,1.5710739712515576e-6
2017-18,153583.36363636365,139835,86161.58003383025,0.5610085493233066,153583.36,139835,86161.58,0.561,0.003636363660916686,0,3.383024886716157e-5,8.549323306517032e-6
2018-19,166829.48484848486,155103,90595.2479848975,0.5430409862331975,166829.48,155103,90595.25,0.543,0.004848484852118418,0,0.0020151024946244434,4.098623319748196e-5
2019-20,178224.0303030303,182171,95855.00558672094,0.5378343505291674,178224.03,182171,95855.01,0.5378,3.030303050763905e-4,0,0.004413279049913399,3.435052916744841e-5
2020-21,171316.87878787878,173521,91448.35572426848,0.53379653173286,171316.88,173521,91448.36,0.5338,0.001212121220305562,0,0.004275731524103321,3.4682671400387832e-6
2021-22,196856.66666666666,190965,101683.90987014202,0.5165378018023707,196856.67,190965,101683.91,0.5165,0.0033333333558402956,0,1.2985798821318895e-4,3.78018023707849e-5
2022-23,219966.41176470587,209067,116043.76001557596,0.5275521798287363,219966.41,209067,116043.76,0.5276,0.0017647058703005314,0,1.5575962606817484e-5,4.782017126370164e-5
2023-24,242644.45454545456,234721,129753.04699844502,0.5347455693620164,242644.45,234721,129753.05,0.5347,0.004545454547042027,0,0.0030015549855306745,4.556936201649542e-5
2024-25,237259.28,221197,103840.59499681872,0.4376671588854974,237259.28,221197,103840.59,0.4377,0,0,0.004996818723157048,3.284111450257976e-5
