State,Region_Zone,Category,Income_2011,Income_2023,Absolute_Growth_INR,Percentage_Growth,CAGR_Percent
Mizoram,North-Eastern,State,57654,234996,177342,307.5970444375065,12.422330913926816
Telangana,Southern,State,91121,347714,256593,281.5958999571998,11.806480044855094
Karnataka,Southern,State,90263,339813,249550,276.4698713758683,11.680543499786955
Sikkim,North-Eastern,State,158667,587743,429076,270.42548229940695,11.530009172431676
Tripura,North-Eastern,State,47155,172299,125144,265.3886120241756,11.40283696365083
Madhya Pradesh,Central,State,38497,139713,101216,262.9191885081954,11.33990017534896
Assam,North-Eastern,State,41142,143852,102710,249.64756210198823,10.994776757521251
Andhra Pradesh,Southern,State,69000,237951,168951,244.85652173913044,10.867231721258786
Tamil Nadu,Southern,State,93112,313329,220217,236.5076467050434,10.64103882829257
Odisha,Eastern,State,48387,150414,102027,210.85622171244341,9.912384638487758
Andaman and Nicobar Islands,Southern,Union Territory,89100,276000,186900,209.7643097643098,9.880159585914372
Manipur,North-Eastern,State,39762,119938,80176,201.63975655148133,9.637060178996904
Haryana,Northern,State,106085,319363,213278,201.0444454918226,9.619012362440781
Uttar Pradesh,Central,State,32648,97364,64716,198.22347463856897,9.533042732681118
Arunachal Pradesh,North-Eastern,State,73540,217325,143785,195.5194451998912,9.449934305599928
Nagaland,North-Eastern,State,53010,154828,101818,192.07319373703075,9.342997402259856
Rajasthan,Northern,State,57192,166647,109455,191.38166177087706,9.321399974236378
West Bengal,Eastern,State,51543,149515,97972,190.07818714471412,9.28056273412019
Kerala,Southern,State,97912,281269,183357,187.26713783805866,9.191918250916897
Bihar,Eastern,State,21750,62201,40451,185.98160919540229,9.151114746977207
Chandigarh,Northern,Union Territory,158967,453457,294490,185.25228506545383,9.127890717782527
Maharashtra,Western,State,99597,278681,179084,179.80862877395904,8.952807405431763
Jammu and Kashmir,Northern,Union Territory,51775,140051,88276,170.49927571221633,8.646025167995885
Chhattisgarh,Central,State,55177,148922,93745,169.89868967142107,8.625902568762434
Himachal Pradesh,Northern,State,87721,234721,147000,167.57674901106918,8.547718007667049
Jharkhand,Eastern,State,41254,106529,65275,158.2270810103263,8.226467204510634
Delhi,Northern,Union Territory,185001,459408,274407,148.32730633888465,7.87447782033901
Uttarakhand,Central,State,100314,246178,145864,145.40742069900512,7.76820292850855
Punjab,Northern,State,85577,205374,119797,139.98737978662493,7.567819957187272
Meghalaya,North-Eastern,State,59794,141195,81401,136.1357326822089,7.422884358123061
Goa,Western,State,259444,585953,326509,125.84950894990827,7.024924274167388
Puducherry,Southern,Union Territory,119649,252164,132515,110.75311954132505,6.409687468009051
