State,State_Code,Region_Zone,Category
Andaman and Nicobar Islands,IN-AN,Southern,Union Territory
Andhra Pradesh,IN-AP,Southern,State
Arunachal Pradesh,IN-AR,North-Eastern,State
Assam,IN-AS,North-Eastern,State
Bihar,IN-BR,Eastern,State
Chandigarh,IN-CH,Northern,Union Territory
Chhattisgarh,IN-CG,Central,State
Dadra and Nagar Haveli and Daman and Diu,IN-DH,Western,Union Territory
Delhi,IN-DL,Northern,Union Territory
Goa,IN-GA,Western,State
Gujarat,IN-GJ,Western,State
Haryana,IN-HR,Northern,State
Himachal Pradesh,IN-HP,Northern,State
Jammu and Kashmir,IN-JK,Northern,Union Territory
Jharkhand,IN-JH,Eastern,State
Karnataka,IN-KA,Southern,State
Kerala,IN-KL,Southern,State
Ladakh,IN-LA,Northern,Union Territory
Lakshadweep,IN-LD,Southern,Union Territory
Madhya Pradesh,IN-MP,Central,State
Maharashtra,IN-MH,Western,State
Manipur,IN-MN,North-Eastern,State
Meghalaya,IN-ML,North-Eastern,State
Mizoram,IN-MZ,North-Eastern,State
Nagaland,IN-NL,North-Eastern,State
Odisha,IN-OD,Eastern,State
Puducherry,IN-PY,Southern,Union Territory
Punjab,IN-PB,Northern,State
Rajasthan,IN-RJ,Northern,State
Sikkim,IN-SK,North-Eastern,State
Tamil Nadu,IN-TN,Southern,State
Telangana,IN-TS,Southern,State
Tripura,IN-TR,North-Eastern,State
Uttar Pradesh,IN-UP,Central,State
Uttarakhand,IN-UK,Central,State
West Bengal,IN-WB,Eastern,State
