Rank,State_UT_Raw,2011-12,2012-13,2013-14,2014-15,2015-16,2016-17,2017-18,2018-19,2019-20,2020-21,2021-22,2022-23,2023-24,2024-25
10,[[Andaman and Nicobar IslandsAndaman & Nicobar Islands]],"89,100","98,777","1,11,087","1,26,344","1,37,064","1,53,904","1,78,709","2,04,254","2,19,653","2,05,368","2,29,570","2,63,984","2,76,000",-
14,[[Andhra Pradesh]],"69,000","74,687","82,870","93,903","1,08,002","1,20,676","1,38,299","1,54,031","1,60,341","1,68,063","1,93,703","2,19,917","2,37,951","2,66,240"
18,[[Arunachal Pradesh]],"73,540","82,626","94,135","1,14,789","1,16,985","1,24,129","1,38,836","1,55,103","1,82,171","1,81,537","1,90,851","2,04,469","2,17,325","2,46,813"
30,[[Assam]],"41,142","44,599","49,734","52,895","60,817","66,330","75,151","81,034","90,123","86,947","1,03,371","1,21,573","1,43,852","1,59,185"
34,[[Bihar]],"21,750","24,487","26,948","28,671","30,404","34,045","36,850","40,715","44,175","42,128","47,296","54,637","62,201","69,321"
4,[[Chandigarh]],"1,58,967","1,80,457","2,03,356","2,12,594","2,30,009","2,52,236","2,80,512","3,07,812","3,30,703","2,90,417","3,37,406","4,08,512","4,53,457",-
25,[[Chhattisgarh]],"55,177","60,849","69,880","72,936","72,991","83,285","88,793","1,02,024","1,06,611","1,06,117","1,23,493","1,34,996","1,48,922","1,62,870"
3,[[Delhi]],"1,85,001","2,05,568","2,27,900","2,47,209","2,70,261","2,95,558","3,18,323","3,38,730","3,55,798","3,22,311","3,70,824","4,17,217","4,59,408","4,93,024"
1,[[Goa]],"2,59,444","2,34,354","2,15,776","2,89,185","3,34,576","3,78,953","4,11,740","4,23,716","4,35,949","4,23,047","4,59,094","5,32,854","5,85,953",-
9,[[Gujarat]],"87,481","1,02,826","1,13,139","1,27,017","1,39,254","1,56,295","1,76,961","1,97,457","2,12,428","2,07,324","2,41,584","2,72,451",-,-
7,[[Haryana]],"1,06,085","1,21,269","1,37,770","1,47,382","1,64,963","1,84,982","2,08,437","2,23,022","2,32,530","2,25,137","2,65,163","2,89,213","3,19,363","3,53,182"
16,[[Himachal Pradesh]],"87,721","99,730","1,14,095","1,23,299","1,35,512","1,50,290","1,65,497","1,74,804","1,86,559","1,73,565","1,93,016","2,14,952","2,34,721","2,56,137"
29,[[Jammu and Kashmir (union territory)Jammu & Kashmir*]],"51,775","57,279","61,907","62,327","74,950","78,960","87,710","98,738","1,01,868","1,01,645","1,12,898","1,23,614","1,40,051","1,54,826"
32,[[Jharkhand]],"41,254","47,360","50,006","57,301","52,754","60,018","67,484","75,421","75,016","69,963","88,500","95,839","1,06,529","1,16,663"
6,[[Karnataka]],"90,263","1,02,319","1,18,829","1,30,024","1,48,108","1,69,898","1,85,840","2,05,245","2,22,141","2,21,683","2,68,963","3,10,325","3,39,813","3,80,906"
11,[[Kerala]],"97,912","1,10,314","1,23,388","1,35,537","1,48,133","1,66,246","1,83,252","2,05,437","2,08,879","1,94,432","2,30,280","2,57,307","2,81,269","3,08,338"
19,[[Ladakh]],-,-,-,-,-,-,-,-,-,-,-,"1,86,970","2,42,360",-
27,[[Madhya Pradesh]],"38,497","44,773","51,849","55,678","62,080","74,324","81,966","92,337","1,01,909","1,01,958","1,17,402","1,27,947","1,39,713","1,52,615"
12,[[Maharashtra]],"99,597","1,12,092","1,25,261","1,32,836","1,46,815","1,63,726","1,72,663","1,82,865","1,89,843","1,82,454","2,19,620","2,52,289","2,78,681","3,09,340"
31,[[Manipur]],"39,762","41,230","47,798","52,717","55,447","59,345","71,507","73,795","78,574","75,784","98,826","1,07,133","1,19,938",-
28,[[Meghalaya]],"59,794","64,477","66,281","66,485","71,594","77,585","82,457","88,954","95,422","90,751","1,07,971","1,24,673","1,41,195","1,57,141"
17,[[Mizoram]],"57,654","65,013","77,584","1,03,049","1,14,055","1,27,107","1,55,222","1,64,708","1,95,365","1,73,521","1,90,965","2,13,665","2,34,996",-
23,[[Nagaland]],"53,010","61,225","71,510","78,367","82,466","91,347","1,02,003","1,09,198","1,22,759","1,19,781","1,27,225","1,38,889","1,54,828",-
26,[[Odisha]],"48,387","54,762","60,687","63,345","64,835","77,507","87,055","98,005","1,04,633","1,03,211","1,33,768","1,34,612","1,50,414","1,68,966"
13,[[Puducherry (union territory)Puducherry]],"1,19,649","1,30,548","1,48,147","1,46,921","1,72,727","1,87,356","1,98,357","2,04,140","2,17,937","2,08,862","2,31,557","2,31,231","2,52,164","2,81,478"
20,"[[Punjab, IndiaPunjab]]","85,577","94,318","1,03,831","1,08,970","1,18,858","1,28,780","1,39,835","1,49,974","1,54,385","1,50,620","1,70,276","1,85,802","2,05,374","2,21,197"
22,[[Rajasthan]],"57,192","63,658","69,480","76,429","83,426","91,924","98,698","1,06,604","1,15,534","1,14,925","1,34,143","1,50,020","1,66,647","1,85,053"
2,[[Sikkim]],"1,58,667","1,74,183","1,94,624","2,14,148","2,45,987","2,80,729","3,49,163","3,75,773","4,12,627","4,15,045","4,66,518","5,20,466","5,87,743",-
8,[[Tamil Nadu]],"93,112","1,05,340","1,16,960","1,29,494","1,42,028","1,56,595","1,75,276","1,94,373","2,06,165","2,09,628","2,42,339","2,75,272","3,13,329","3,61,619"
5,[[Telangana]],"91,121","1,01,007","1,12,162","1,24,104","1,40,840","1,59,395","1,79,358","2,09,848","2,31,326","2,25,734","2,69,000","3,12,046","3,47,714","3,87,623"
21,[[Tripura]],"47,155","52,574","61,815","69,857","84,267","91,596","1,00,444","1,13,016","1,21,456","1,18,401","1,37,032","1,53,584","1,72,299","1,92,842"
33,[[Uttar Pradesh]],"32,648","36,571","41,137","43,458","48,725","54,564","59,595","64,113","67,639","63,464","76,063","84,640","97,364","1,08,572"
15,[[Uttarakhand]],"1,00,314","1,13,654","1,26,356","1,36,099","1,47,936","1,61,752","1,80,857","1,86,207","1,90,558","1,74,526","1,94,670","2,19,850","2,46,178","2,74,064"
24,[[West Bengal]],"51,543","58,195","65,932","68,876","75,992","82,291","91,401","1,03,920","1,10,316","1,05,108","1,22,883","1,37,909","1,49,515","1,63,467"
